http://www.1752financial.com/,7100 Forest Ave #101, Richmond,,https://maps.google.com/?cid=12975446965366782036,+1 804-283-1920,3.7,https://maps.google.com/?cid=12975446965366782036
http://www.stateinsuranceusa.com/,4450 Camino Real Way, Fort Myers,,https://maps.google.com/?cid=12815294322404097408,+1 239-567-9992,5,https://maps.google.com/?cid=12815294322404097408
https://1sourceinsurance.com/,3606 N Rancho Dr #140, Las Vegas,,https://maps.google.com/?cid=4859496188877969736,+1 702-341-5532,5,https://maps.google.com/?cid=4859496188877969736
N/A,N/A,N/A,N/A,N/A,N/A,N/A,N/A
https://www.enterprise.com/en/car-rental/locations/us/pa/pittsburgh-oakland-4004.html?mcid=yext:245709,756 S Millvale Ave, Pittsburgh,,https://maps.google.com/?cid=12123173071091416301,+1 412-622-0200,4.3,https://maps.google.com/?cid=12123173071091416301
,Woodward Building, 11215 N Community House Rd #100,,https://maps.google.com/?cid=7804483752640819564,+1 704-541-2777,,https://maps.google.com/?cid=7804483752640819564
N/A,N/A,N/A,N/A,N/A,N/A,N/A,N/A
http://www.unitedautoinsurance.com/,3201 N Harlem Ave, Chicago,,https://maps.google.com/?cid=16533906230441426658,+1 773-202-5000,4.4,https://maps.google.com/?cid=16533906230441426658
N/A,N/A,N/A,N/A,N/A,N/A,N/A,N/A
N/A,N/A,N/A,N/A,N/A,N/A,N/A,N/A
N/A,N/A,N/A,N/A,N/A,N/A,N/A,N/A
N/A,N/A,N/A,N/A,N/A,N/A,N/A,N/A
http://gvcmanagement.com/,N14W23833 Stone Ridge Dr #350, Waukesha,,https://maps.google.com/?cid=9333240362404026723,+1 262-650-1030,,https://maps.google.com/?cid=9333240362404026723
http://www.1752financial.com/,7100 Forest Ave #101, Richmond,,https://maps.google.com/?cid=12975446965366782036,+1 804-283-1920,3.7,https://maps.google.com/?cid=12975446965366782036
https://www.edisonins.com/,3835 Palm Beach Blvd, Fort Myers,,https://maps.google.com/?cid=13045374448954384875,+1 239-693-0400,3.2,https://maps.google.com/?cid=13045374448954384875
https://1sourceinsurance.com/,3606 N Rancho Dr #140, Las Vegas,,https://maps.google.com/?cid=4859496188877969736,+1 702-341-5532,5,https://maps.google.com/?cid=4859496188877969736
N/A,N/A,N/A,N/A,N/A,N/A,N/A,N/A
http://www.1752financial.com/,7100 Forest Ave #101, Richmond,,https://maps.google.com/?cid=12975446965366782036,+1 804-283-1920,3.7,https://maps.google.com/?cid=12975446965366782036
http://www.stateinsuranceusa.com/,4450 Camino Real Way, Fort Myers,,https://maps.google.com/?cid=12815294322404097408,+1 239-567-9992,5,https://maps.google.com/?cid=12815294322404097408
https://1sourceinsurance.com/,3606 N Rancho Dr #140, Las Vegas,,https://maps.google.com/?cid=4859496188877969736,+1 702-341-5532,5,https://maps.google.com/?cid=4859496188877969736
N/A,N/A,N/A,N/A,N/A,N/A,N/A,N/A
https://www.enterprise.com/en/car-rental/locations/us/pa/pittsburgh-oakland-4004.html?mcid=yext:245709,756 S Millvale Ave, Pittsburgh,,https://maps.google.com/?cid=12123173071091416301,+1 412-622-0200,4.3,https://maps.google.com/?cid=12123173071091416301
,Woodward Building, 11215 N Community House Rd #100,,https://maps.google.com/?cid=7804483752640819564,+1 704-541-2777,,https://maps.google.com/?cid=7804483752640819564
N/A,N/A,N/A,N/A,N/A,N/A,N/A,N/A
http://www.unitedautoinsurance.com/,3201 N Harlem Ave, Chicago,,https://maps.google.com/?cid=16533906230441426658,+1 773-202-5000,4.4,https://maps.google.com/?cid=16533906230441426658
N/A,N/A,N/A,N/A,N/A,N/A,N/A,N/A
N/A,N/A,N/A,N/A,N/A,N/A,N/A,N/A
N/A,N/A,N/A,N/A,N/A,N/A,N/A,N/A
N/A,N/A,N/A,N/A,N/A,N/A,N/A,N/A
http://gvcmanagement.com/,N14W23833 Stone Ridge Dr #350, Waukesha,,https://maps.google.com/?cid=9333240362404026723,+1 262-650-1030,,https://maps.google.com/?cid=9333240362404026723
http://www.1752financial.com/,7100 Forest Ave #101, Richmond,,https://maps.google.com/?cid=12975446965366782036,+1 804-283-1920,3,3.7,https://maps.google.com/?cid=12975446965366782036
https://www.edisonins.com/,3835 Palm Beach Blvd, Fort Myers,,https://maps.google.com/?cid=13045374448954384875,+1 239-693-0400,11,3.2,https://maps.google.com/?cid=13045374448954384875
https://1sourceinsurance.com/,3606 N Rancho Dr #140, Las Vegas,,https://maps.google.com/?cid=4859496188877969736,+1 702-341-5532,2,5,https://maps.google.com/?cid=4859496188877969736
N/A,N/A,N/A,N/A,N/A,N/A,N/A,N/A,N/A
https://www.enterprise.com/en/car-rental/locations/us/pa/pittsburgh-oakland-4004.html?mcid=yext:245709,756 S Millvale Ave, Pittsburgh,,https://maps.google.com/?cid=12123173071091416301,+1 412-622-0200,426,4.3,https://maps.google.com/?cid=12123173071091416301
N/A,Woodward Building, 11215 N Community House Rd #100,,https://maps.google.com/?cid=7804483752640819564,+1 704-541-2777,N/A,N/A,https://maps.google.com/?cid=7804483752640819564
N/A,N/A,N/A,N/A,N/A,N/A,N/A,N/A,N/A
http://www.unitedautoinsurance.com/,3201 N Harlem Ave, Chicago,,https://maps.google.com/?cid=16533906230441426658,+1 773-202-5000,685,4.4,https://maps.google.com/?cid=16533906230441426658
N/A,N/A,N/A,N/A,N/A,N/A,N/A,N/A,N/A
N/A,N/A,N/A,N/A,N/A,N/A,N/A,N/A,N/A
N/A,N/A,N/A,N/A,N/A,N/A,N/A,N/A,N/A
N/A,N/A,N/A,N/A,N/A,N/A,N/A,N/A,N/A
http://gvcmanagement.com/,N14W23833 Stone Ridge Dr #350, Waukesha,,https://maps.google.com/?cid=9333240362404026723,+1 262-650-1030,N/A,N/A,https://maps.google.com/?cid=9333240362404026723
http://www.1752financial.com/,7100 Forest Ave #101, Richmond,VA,https://maps.google.com/?cid=12975446965366782036,+1 804-283-1920,3,3.7,https://maps.google.com/?cid=12975446965366782036
https://www.edisonins.com/,3835 Palm Beach Blvd, Fort Myers,FL,https://maps.google.com/?cid=13045374448954384875,+1 239-693-0400,11,3.2,https://maps.google.com/?cid=13045374448954384875
https://1sourceinsurance.com/,3606 N Rancho Dr #140, Las Vegas,NV,https://maps.google.com/?cid=4859496188877969736,+1 702-341-5532,2,5,https://maps.google.com/?cid=4859496188877969736
N/A,N/A,N/A,N/A,N/A,N/A,N/A,N/A,N/A
https://www.enterprise.com/en/car-rental/locations/us/pa/pittsburgh-oakland-4004.html?mcid=yext:245709,756 S Millvale Ave, Pittsburgh,PA,https://maps.google.com/?cid=12123173071091416301,+1 412-622-0200,426,4.3,https://maps.google.com/?cid=12123173071091416301
http://www.1752financial.com/,7100 Forest Ave #101, Richmond,VA,https://maps.google.com/?cid=12975446965366782036,+1 804-283-1920,3,3.7,https://maps.google.com/?cid=12975446965366782036
http://www.stateinsuranceusa.com/,4450 Camino Real Way, Fort Myers,FL,https://maps.google.com/?cid=12815294322404097408,+1 239-567-9992,31,5,https://maps.google.com/?cid=12815294322404097408
https://1sourceinsurance.com/,3606 N Rancho Dr #140, Las Vegas,NV,https://maps.google.com/?cid=4859496188877969736,+1 702-341-5532,2,5,https://maps.google.com/?cid=4859496188877969736
N/A,N/A,N/A,N/A,N/A,N/A,N/A,N/A,N/A
http://www.1752financial.com/,7100 Forest Ave #101, Richmond,VA,https://maps.google.com/?cid=12975446965366782036,+1 804-283-1920,3,3.7,https://maps.google.com/?cid=12975446965366782036
https://www.edisonins.com/,3835 Palm Beach Blvd, Fort Myers,FL,https://maps.google.com/?cid=13045374448954384875,+1 239-693-0400,11,3.2,https://maps.google.com/?cid=13045374448954384875
https://1sourceinsurance.com/,3606 N Rancho Dr #140, Las Vegas,NV,https://maps.google.com/?cid=4859496188877969736,+1 702-341-5532,2,5,https://maps.google.com/?cid=4859496188877969736
N/A,N/A,N/A,N/A,N/A,N/A,N/A,N/A,N/A
https://www.enterprise.com/en/car-rental/locations/us/pa/pittsburgh-oakland-4004.html?mcid=yext:245709,756 S Millvale Ave, Pittsburgh,PA,https://maps.google.com/?cid=12123173071091416301,+1 412-622-0200,426,4.3,https://maps.google.com/?cid=12123173071091416301
http://www.1752financial.com/,['7100 Forest Ave #101'], Richmond,VA,https://maps.google.com/?cid=12975446965366782036,+1 804-283-1920,3,3.7,https://maps.google.com/?cid=12975446965366782036
https://www.edisonins.com/,['3835 Palm Beach Blvd'], Fort Myers,FL,https://maps.google.com/?cid=13045374448954384875,+1 239-693-0400,11,3.2,https://maps.google.com/?cid=13045374448954384875
https://1sourceinsurance.com/,['3606 N Rancho Dr #140'], Las Vegas,NV,https://maps.google.com/?cid=4859496188877969736,+1 702-341-5532,2,5,https://maps.google.com/?cid=4859496188877969736
N/A,N/A,N/A,N/A,N/A,N/A,N/A,N/A,N/A
https://www.enterprise.com/en/car-rental/locations/us/pa/pittsburgh-oakland-4004.html?mcid=yext:245709,['756 S Millvale Ave'], Pittsburgh,PA,https://maps.google.com/?cid=12123173071091416301,+1 412-622-0200,426,4.3,https://maps.google.com/?cid=12123173071091416301
N/A,"['Woodward Building', ' 11215 N Community House Rd #100']", Charlotte,NC,https://maps.google.com/?cid=7804483752640819564,+1 704-541-2777,N/A,N/A,https://maps.google.com/?cid=7804483752640819564
N/A,N/A,N/A,N/A,N/A,N/A,N/A,N/A,N/A
https://agents.allstate.com/malham-family-agency-chicago-il1.html?utm_source=GMB&utm_medium=Website,['4429 S Archer Ave'], Chicago,IL,https://maps.google.com/?cid=17358676022044699349,+1 773-927-4280,23,4.8,https://maps.google.com/?cid=17358676022044699349
N/A,N/A,N/A,N/A,N/A,N/A,N/A,N/A,N/A
N/A,N/A,N/A,N/A,N/A,N/A,N/A,N/A,N/A
N/A,N/A,N/A,N/A,N/A,N/A,N/A,N/A,N/A
N/A,N/A,N/A,N/A,N/A,N/A,N/A,N/A,N/A
http://gvcmanagement.com/,['N14W23833 Stone Ridge Dr #350'], Waukesha,WI,https://maps.google.com/?cid=9333240362404026723,+1 262-650-1030,N/A,N/A,https://maps.google.com/?cid=9333240362404026723
http://www.1752financial.com/,7100 Forest Ave #101 Richmond, Richmond,VA,https://maps.google.com/?cid=12975446965366782036,+1 804-283-1920,3,3.7,https://maps.google.com/?cid=12975446965366782036
https://www.edisonins.com/,3835 Palm Beach Blvd Fort Myers, Fort Myers,FL,https://maps.google.com/?cid=13045374448954384875,+1 239-693-0400,11,3.2,https://maps.google.com/?cid=13045374448954384875
https://1sourceinsurance.com/,3606 N Rancho Dr #140 Las Vegas, Las Vegas,NV,https://maps.google.com/?cid=4859496188877969736,+1 702-341-5532,2,5,https://maps.google.com/?cid=4859496188877969736
N/A,N/A,N/A,N/A,N/A,N/A,N/A,N/A,N/A
https://www.enterprise.com/en/car-rental/locations/us/pa/pittsburgh-oakland-4004.html?mcid=yext:245709,756 S Millvale Ave Pittsburgh, Pittsburgh,PA,https://maps.google.com/?cid=12123173071091416301,+1 412-622-0200,426,4.3,https://maps.google.com/?cid=12123173071091416301
N/A,Woodward Building 11215 N Community House Rd #100, Charlotte,NC,https://maps.google.com/?cid=7804483752640819564,+1 704-541-2777,N/A,N/A,https://maps.google.com/?cid=7804483752640819564
N/A,N/A,N/A,N/A,N/A,N/A,N/A,N/A,N/A
https://agents.allstate.com/elizabeth-lisa-jusino-chicago-il.html?utm_source=GMB&utm_medium=Website,1613 S Halsted St Chicago, Chicago,IL,https://maps.google.com/?cid=14031375973489134141,+1 312-850-0775,30,4.7,https://maps.google.com/?cid=14031375973489134141
N/A,N/A,N/A,N/A,N/A,N/A,N/A,N/A,N/A
N/A,N/A,N/A,N/A,N/A,N/A,N/A,N/A,N/A
N/A,N/A,N/A,N/A,N/A,N/A,N/A,N/A,N/A
N/A,N/A,N/A,N/A,N/A,N/A,N/A,N/A,N/A
http://gvcmanagement.com/,N14W23833 Stone Ridge Dr #350 Waukesha, Waukesha,WI,https://maps.google.com/?cid=9333240362404026723,+1 262-650-1030,N/A,N/A,https://maps.google.com/?cid=9333240362404026723
http://www.1752financial.com/,7100 Forest Ave #101 Richmond, Richmond,VA,23226,+1 804-283-1920,3,3.7,https://maps.google.com/?cid=12975446965366782036
http://www.stateinsuranceusa.com/,4450 Camino Real Way Fort Myers, Fort Myers,FL,33966,+1 239-567-9992,31,5,https://maps.google.com/?cid=12815294322404097408
https://1sourceinsurance.com/,3606 N Rancho Dr #140 Las Vegas, Las Vegas,NV,89130,+1 702-341-5532,2,5,https://maps.google.com/?cid=4859496188877969736
N/A,N/A,N/A,N/A,N/A,N/A,N/A,N/A,N/A
https://www.enterprise.com/en/car-rental/locations/us/pa/pittsburgh-oakland-4004.html?mcid=yext:245709,756 S Millvale Ave Pittsburgh, Pittsburgh,PA,15213,+1 412-622-0200,426,4.3,https://maps.google.com/?cid=12123173071091416301
N/A,Woodward Building 11215 N Community House Rd #100, Charlotte,NC,28277,+1 704-541-2777,N/A,N/A,https://maps.google.com/?cid=7804483752640819564
N/A,N/A,N/A,N/A,N/A,N/A,N/A,N/A,N/A
https://agents.allstate.com/malham-family-agency-chicago-il1.html?utm_source=GMB&utm_medium=Website,4429 S Archer Ave Chicago, Chicago,IL,60632,+1 773-927-4280,23,4.8,https://maps.google.com/?cid=17358676022044699349
N/A,N/A,N/A,N/A,N/A,N/A,N/A,N/A,N/A
N/A,N/A,N/A,N/A,N/A,N/A,N/A,N/A,N/A
N/A,N/A,N/A,N/A,N/A,N/A,N/A,N/A,N/A
N/A,N/A,N/A,N/A,N/A,N/A,N/A,N/A,N/A
http://gvcmanagement.com/,N14W23833 Stone Ridge Dr #350 Waukesha, Waukesha,WI,53188,+1 262-650-1030,N/A,N/A,https://maps.google.com/?cid=9333240362404026723
http://www.1752financial.com/,7100 Forest Ave #101 Richmond, Richmond,VA,23226,(804) 283-1920,3,3.7,https://maps.google.com/?cid=12975446965366782036
http://www.stateinsuranceusa.com/,4450 Camino Real Way Fort Myers, Fort Myers,FL,33966,(239) 567-9992,31,5,https://maps.google.com/?cid=12815294322404097408
https://1sourceinsurance.com/,3606 N Rancho Dr #140 Las Vegas, Las Vegas,NV,89130,(702) 341-5532,2,5,https://maps.google.com/?cid=4859496188877969736
N/A,N/A,N/A,N/A,N/A,N/A,N/A,N/A,N/A
https://www.enterprise.com/en/car-rental/locations/us/pa/pittsburgh-oakland-4004.html?mcid=yext:245709,756 S Millvale Ave Pittsburgh, Pittsburgh,PA,15213,(412) 622-0200,426,4.3,https://maps.google.com/?cid=12123173071091416301
N/A,Woodward Building 11215 N Community House Rd #100, Charlotte,NC,28277,(704) 541-2777,N/A,N/A,https://maps.google.com/?cid=7804483752640819564
N/A,N/A,N/A,N/A,N/A,N/A,N/A,N/A,N/A
https://agents.allstate.com/malham-family-agency-chicago-il1.html?utm_source=GMB&utm_medium=Website,4429 S Archer Ave Chicago, Chicago,IL,60632,(773) 927-4280,23,4.8,https://maps.google.com/?cid=17358676022044699349
N/A,N/A,N/A,N/A,N/A,N/A,N/A,N/A,N/A
N/A,N/A,N/A,N/A,N/A,N/A,N/A,N/A,N/A
N/A,N/A,N/A,N/A,N/A,N/A,N/A,N/A,N/A
N/A,N/A,N/A,N/A,N/A,N/A,N/A,N/A,N/A
http://gvcmanagement.com/,N14W23833 Stone Ridge Dr #350 Waukesha, Waukesha,WI,53188,(262) 650-1030,N/A,N/A,https://maps.google.com/?cid=9333240362404026723
http://www.1752financial.com/,7100 Forest Ave #101 Richmond, Richmond,VA,23226,(804) 283-1920,3,3.7,https://maps.google.com/?cid=12975446965366782036
http://www.logicalinsurance.com/,2365 W First St Fort Myers, Fort Myers,FL,33901,(239) 362-0855,4,5,https://maps.google.com/?cid=9286845448488172507
https://1sourceinsurance.com/,3606 N Rancho Dr #140 Las Vegas, Las Vegas,NV,89130,(702) 341-5532,2,5,https://maps.google.com/?cid=4859496188877969736
N/A,N/A,N/A,N/A,N/A,N/A,N/A,N/A,N/A
https://www.enterprise.com/en/car-rental/locations/us/pa/pittsburgh-oakland-4004.html?mcid=yext:245709,756 S Millvale Ave Pittsburgh, Pittsburgh,PA,15213,(412) 622-0200,426,4.3,https://maps.google.com/?cid=12123173071091416301
N/A,Woodward Building 11215 N Community House Rd #100, Charlotte,NC,28277,(704) 541-2777,N/A,N/A,https://maps.google.com/?cid=7804483752640819564
N/A,N/A,N/A,N/A,N/A,N/A,N/A,N/A,N/A
N/A,N/A,N/A,N/A,N/A,N/A,N/A,N/A,N/A
N/A,N/A,N/A,N/A,N/A,N/A,N/A,N/A,N/A
N/A,N/A,N/A,N/A,N/A,N/A,N/A,N/A,N/A
N/A,N/A,N/A,N/A,N/A,N/A,N/A,N/A,N/A
N/A,N/A,N/A,N/A,N/A,N/A,N/A,N/A,N/A
http://gvcmanagement.com/,N14W23833 Stone Ridge Dr #350 Waukesha, Waukesha,WI,53188,(262) 650-1030,N/A,N/A,https://maps.google.com/?cid=9333240362404026723
